name,datetime,temp,feelslike,dew,humidity,precip,precipprob,preciptype,snow,snowdepth,windgust,windspeed,winddir,sealevelpressure,cloudcover,visibility,solarradiation,solarenergy,uvindex,severerisk,conditions,icon,stations
"Washington,DC,USA",2023-02-05T00:00:00,0.5,-5,-11.8,39.15,0,0,,0,0,46.4,23.7,190,1028.9,78.8,16,0,,0,10,Partially cloudy,partly-cloudy-night,"KDCA,KADW,KDAA"
"Washington,DC,USA",2023-02-05T01:00:00,0.6,-4.2,-11.7,39.28,0,0,,0,0,31.7,18.3,199,1028.3,89.5,16,0,,0,10,Partially cloudy,partly-cloudy-night,"KDCA,KADW,KDAA"
"Washington,DC,USA",2023-02-05T02:00:00,1,-4.2,-11.2,39.55,0,0,,0,0,27.7,22.3,199,1027.6,89.5,16,0,,0,10,Partially cloudy,partly-cloudy-night,"KDCA,KADW,KDAA"
"Washington,DC,USA",2023-02-05T03:00:00,1.1,-3.6,-10.7,41.14,0,0,,0,0,25.9,18.1,200,1027.2,89.5,16,0,,0,10,Partially cloudy,partly-cloudy-night,"KDCA,KADW,KDAA"
"Washington,DC,USA",2023-02-05T04:00:00,1.1,-2.7,-9.4,45.29,0,0,,0,0,25.9,13.3,200,1026.6,89.5,16,0,,0,10,Partially cloudy,partly-cloudy-night,"KDCA,KADW,KDAA"
"Washington,DC,USA",2023-02-05T05:00:00,1.1,-2.7,-8.9,47.28,0,0,,0,0,22.3,13.2,199,1026.5,89.5,16,0,,0,10,Partially cloudy,partly-cloudy-night,"KDCA,KADW,KDAA"
"Washington,DC,USA",2023-02-05T06:00:00,1.6,-2.7,-8.4,47.4,0,0,,0,0,20.5,16.7,190,1026.2,89.5,16,0,,0,10,Partially cloudy,partly-cloudy-night,"KDCA,KADW,KDAA"
"Washington,DC,USA",2023-02-05T07:00:00,1,-3.3,-8.3,49.59,0,0,,0,0,22.3,16.2,199,1026.1,78.8,16,5,0,0,10,Partially cloudy,partly-cloudy-night,"KDCA,AS365,KADW,KDAA"
"Washington,DC,USA",2023-02-05T08:00:00,1.6,-2.6,-7.9,49.25,0,0,,0,0,24.1,16.2,198,1025.6,78.8,16,44,0.2,0,10,Partially cloudy,partly-cloudy-day,"KDCA,AS365,KADW,KDAA"
"Washington,DC,USA",2023-02-05T09:00:00,3.3,-1.1,-7.8,44.07,0,0,,0,0,25.9,20.2,191,1025.2,89.5,16,151,0.5,2,10,Partially cloudy,partly-cloudy-day,"KDCA,AS365,KADW,KDAA"
"Washington,DC,USA",2023-02-05T10:00:00,3.8,-0.1,-7.2,44.36,0,0,,0,0,27.7,18.1,190,1024.4,89.5,16,217,0.8,2,10,Partially cloudy,partly-cloudy-day,"KDCA,AS365,KADW,KDAA"
"Washington,DC,USA",2023-02-05T11:00:00,6.7,3.1,-5,43.02,0,2,,0,0,31.3,20.5,200,1023,76,16.2,433,1.6,4,10,Partially cloudy,partly-cloudy-day,
"Washington,DC,USA",2023-02-05T12:00:00,7.8,4.5,-4.4,41.75,0,2,,0,0,35.3,20.5,200,1022,84,16.2,482,1.7,5,10,Partially cloudy,partly-cloudy-day,
"Washington,DC,USA",2023-02-05T13:00:00,9.5,6.5,-4.4,37.22,0,2,,0,0,37.1,22.3,200,1021,86,16.2,483,1.7,5,10,Partially cloudy,partly-cloudy-day,
"Washington,DC,USA",2023-02-05T14:00:00,10,7.1,-3.3,39.08,0,2,,0,0,38.9,22.3,200,1020,85,16.2,425,1.5,4,10,Partially cloudy,partly-cloudy-day,
"Washington,DC,USA",2023-02-05T15:00:00,10.6,10.6,-3.3,37.55,0,2,,0,0,38.9,22.3,200,1019,83,16.2,334,1.2,3,10,Partially cloudy,partly-cloudy-day,
"Washington,DC,USA",2023-02-05T16:00:00,10.6,10.6,-2.2,40.74,0,2,,0,0,38.9,22.3,200,1018,84,16.2,202,0.7,2,10,Partially cloudy,partly-cloudy-day,
"Washington,DC,USA",2023-02-05T17:00:00,10,7.3,-1.1,45.98,0,2,,0,0,35.3,20.5,190,1018,81,16.2,79,0.3,1,10,Partially cloudy,partly-cloudy-day,
"Washington,DC,USA",2023-02-05T18:00:00,8.9,6.3,0.6,56.02,0,2,,0,0,31.3,16.6,190,1017,87,16.2,32,0.1,0,10,Partially cloudy,partly-cloudy-night,
"Washington,DC,USA",2023-02-05T19:00:00,8.4,5.7,2.8,67.83,0,3,,0,0,29.5,16.6,200,1017,86,16.2,27,0.1,0,10,Partially cloudy,partly-cloudy-night,
"Washington,DC,USA",2023-02-05T20:00:00,7.8,5.2,3.9,76.35,0,3,,0,0,27.7,14.8,200,1017,85,16.2,0,,0,10,Partially cloudy,partly-cloudy-night,
"Washington,DC,USA",2023-02-05T21:00:00,7.3,4.8,4.5,82.4,0,3,,0,0,24.1,13,200,1017,77,16.2,0,,0,10,Partially cloudy,partly-cloudy-night,
"Washington,DC,USA",2023-02-05T22:00:00,6.7,4.4,5,88.9,0,3,,0,0,22.3,11.2,210,1017,61,16.2,0,,0,10,Partially cloudy,partly-cloudy-night,
"Washington,DC,USA",2023-02-05T23:00:00,6.2,3.8,5,92.02,0,3,,0,0,18.4,11.2,220,1016,30,16.2,0,,0,10,Partially cloudy,partly-cloudy-night,
"Washington,DC,USA",2023-02-06T00:00:00,5.6,3.5,4.5,92.63,0,3,,0,0,13,9.4,220,1016,28,16.3,0,,0,10,Partially cloudy,partly-cloudy-night,
"Washington,DC,USA",2023-02-06T01:00:00,5,3.2,4.5,96.57,0,0,,0,0,7.6,7.6,230,1015,52,16.3,0,,0,10,Partially cloudy,partly-cloudy-night,
"Washington,DC,USA",2023-02-06T02:00:00,5,3.9,3.9,92.59,0,0,,0,0,7.6,5.4,240,1014,48,16.3,0,,0,10,Partially cloudy,partly-cloudy-night,
"Washington,DC,USA",2023-02-06T03:00:00,4.5,3.3,3.4,92.56,0,0,,0,0,7.6,5.4,270,1014,47,16.3,0,,0,10,Partially cloudy,partly-cloudy-night,
"Washington,DC,USA",2023-02-06T04:00:00,4.5,2.6,2.8,88.72,0,0,,0,0,9.4,7.6,300,1014,45,16.3,0,,0,10,Partially cloudy,partly-cloudy-night,
"Washington,DC,USA",2023-02-06T05:00:00,4.5,2.2,2.8,88.72,0,0,,0,0,13,9.4,310,1014,40,16.3,0,,0,10,Partially cloudy,partly-cloudy-night,
"Washington,DC,USA",2023-02-06T06:00:00,4.5,1.4,2.8,88.72,0,0,,0,0,16.6,13,310,1015,34,16.3,0,,0,10,Partially cloudy,partly-cloudy-night,
"Washington,DC,USA",2023-02-06T07:00:00,4.5,1.1,2.3,85.62,0,0,,0,0,22.3,14.8,320,1016,29,16.3,0,,0,10,Partially cloudy,partly-cloudy-night,
"Washington,DC,USA",2023-02-06T08:00:00,5,1.5,2.3,82.68,0,0,,0,0,20.5,16.6,320,1016,27,16.3,88,0.3,1,10,Partially cloudy,partly-cloudy-day,
"Washington,DC,USA",2023-02-06T09:00:00,6.7,3.1,2.3,73.51,0,0,,0,0,27.7,20.5,320,1017,27,16.3,243,0.9,2,10,Partially cloudy,partly-cloudy-day,
"Washington,DC,USA",2023-02-06T10:00:00,8.4,5.1,2.3,65.46,0,0,,0,0,33.5,22.3,330,1017,29,16.3,354,1.3,4,10,Partially cloudy,partly-cloudy-day,
"Washington,DC,USA",2023-02-06T11:00:00,9.5,6.3,1.7,58.23,0,0,,0,0,35.3,24.1,330,1018,32,16.3,441,1.6,4,10,Partially cloudy,partly-cloudy-day,
"Washington,DC,USA",2023-02-06T12:00:00,10,7,1.2,54.33,0,0,,0,0,35.3,24.1,330,1018,34,16.2,421,1.5,4,10,Partially cloudy,partly-cloudy-day,
"Washington,DC,USA",2023-02-06T13:00:00,10,7,0.6,52.03,0,0,,0,0,35.3,24.1,330,1019,34,16.2,342,1.2,3,10,Partially cloudy,partly-cloudy-day,
"Washington,DC,USA",2023-02-06T14:00:00,10,7,0,49.82,0,0,,0,0,31.3,24.1,330,1020,32,16.2,333,1.2,3,10,Partially cloudy,partly-cloudy-day,
"Washington,DC,USA",2023-02-06T15:00:00,10,7.1,0,49.82,0,0,,0,0,29.5,22.3,340,1020,29,16.2,278,1,3,10,Partially cloudy,partly-cloudy-day,
"Washington,DC,USA",2023-02-06T16:00:00,9.5,6.6,0,51.52,0,0,,0,0,27.7,20.5,340,1021,23,16.2,204,0.7,2,10,Partially cloudy,partly-cloudy-day,
"Washington,DC,USA",2023-02-06T17:00:00,8.9,6.1,0,53.64,0,0,,0,0,24.1,18.4,340,1022,17,16.2,152,0.5,2,10,Clear,clear-day,
"Washington,DC,USA",2023-02-06T18:00:00,7.8,5.2,0,57.79,0,0,,0,0,22.3,14.8,340,1023,11,16.3,100,0.4,0,10,Clear,clear-night,
"Washington,DC,USA",2023-02-06T19:00:00,6.7,4.4,0,62.31,0,0,,0,0,18.4,11.2,340,1024,5,16.3,48,0.2,0,10,Clear,clear-night,
"Washington,DC,USA",2023-02-06T20:00:00,5.6,3.1,0,67.23,0,0,,0,0,13,11.2,340,1026,3,16.3,32,0.1,0,10,Clear,clear-night,
"Washington,DC,USA",2023-02-06T21:00:00,5,3.2,0,70.09,0,0,,0,0,9.4,7.6,340,1026,3,16.3,16,0.1,0,10,Clear,clear-night,
"Washington,DC,USA",2023-02-06T22:00:00,3.9,2.6,0,75.69,0,0,,0,0,7.6,5.4,340,1027,4,16.3,0,,0,10,Clear,clear-night,
"Washington,DC,USA",2023-02-06T23:00:00,3.1,3.1,-0.2,78.75,0,0,,0,0,7.6,4.8,226.7,1027,8,16.3,0,,0,10,Clear,clear-night,
"Washington,DC,USA",2023-02-07T00:00:00,2.4,2.4,-0.4,81.95,0,0,,0,0,7.6,4.2,113.3,1027,12,16.3,0,,0,10,Clear,clear-night,
"Washington,DC,USA",2023-02-07T01:00:00,1.7,1.7,-0.5,85.31,0,0,,0,0,7.6,3.6,0,1027,16,16.3,0,,0,10,Clear,clear-night,
"Washington,DC,USA",2023-02-07T02:00:00,1.3,1.3,-0.7,86.32,0,0,,0,0,6.2,3,3.3,1028,30.3,16.3,0,,0,10,Partially cloudy,partly-cloudy-night,
"Washington,DC,USA",2023-02-07T03:00:00,0.9,0.9,-0.9,87.34,0,0,freezingrain,0,0,4.9,2.4,6.7,1028,44.7,16.3,0,,0,10,Partially cloudy,partly-cloudy-night,
"Washington,DC,USA",2023-02-07T04:00:00,0.6,0.6,-1.1,88.37,0,0,freezingrain,0,0,3.6,1.8,10,1029,59,16.3,0,,0,10,Partially cloudy,partly-cloudy-night,
"Washington,DC,USA",2023-02-07T05:00:00,0.4,0.4,-1.3,88.57,0,0,freezingrain,0,0,3.6,1.8,50,1029,57.7,16.3,0,,0,10,Partially cloudy,partly-cloudy-night,
"Washington,DC,USA",2023-02-07T06:00:00,0.2,0.2,-1.5,88.77,0,0,freezingrain,0,0,3.6,1.8,90,1030,56.3,16.3,0,,0,10,Partially cloudy,partly-cloudy-night,
"Washington,DC,USA",2023-02-07T07:00:00,0,0,-1.6,88.97,0,0,,0,0,3.6,1.8,130,1030,55,16.3,0,,0,10,Partially cloudy,partly-cloudy-night,
"Washington,DC,USA",2023-02-07T08:00:00,1.6,1.6,-0.9,83.26,0,0,,0,0,7.9,4.3,140,1030,54.3,16.3,63.3,0.2,1,10,Partially cloudy,partly-cloudy-day,
"Washington,DC,USA",2023-02-07T09:00:00,3.3,1.5,-0.2,78.02,0,0,,0,0,12.2,6.8,150,1031,53.7,16.3,126.7,0.5,1,10,Partially cloudy,partly-cloudy-day,
"Washington,DC,USA",2023-02-07T10:00:00,5,2.8,0.6,73.2,0,0,,0,0,16.6,9.4,160,1031,53,16.3,190,0.7,2,10,Partially cloudy,partly-cloudy-day,
"Washington,DC,USA",2023-02-07T11:00:00,6.6,4.3,0.8,66.17,0,0,,0,0,20.3,11.8,170,1030,52.3,16.3,262,1,3,10,Partially cloudy,partly-cloudy-day,
"Washington,DC,USA",2023-02-07T12:00:00,8.3,5.9,1,59.91,0,0,,0,0,24,14.2,180,1029,51.7,16.3,334,1.2,3,10,Partially cloudy,partly-cloudy-day,
"Washington,DC,USA",2023-02-07T13:00:00,10,7.7,1.2,54.33,0,0,,0,0,27.7,16.6,190,1028,51,16.3,406,1.5,4,10,Partially cloudy,partly-cloudy-day,
"Washington,DC,USA",2023-02-07T14:00:00,10.4,10.4,1.3,53.53,0,0,,0,0,28.9,17.9,190,1025,51,16.3,391.3,1.4,4,10,Partially cloudy,partly-cloudy-day,
"Washington,DC,USA",2023-02-07T15:00:00,10.8,10.8,1.5,52.75,0,0,,0,0,30.1,19.2,190,1024,51,16.3,376.7,1.4,4,10,Partially cloudy,partly-cloudy-day,
"Washington,DC,USA",2023-02-07T16:00:00,11.2,11.2,1.7,51.98,0,0,,0,0,31.3,20.5,190,1023,51,16.3,362,1.3,4,10,Partially cloudy,partly-cloudy-day,
"Washington,DC,USA",2023-02-07T17:00:00,10.6,10.6,1.9,54.75,0,0,,0,0,30.7,20.5,190,1023,57.3,16.3,308.7,1.1,3,10,Partially cloudy,partly-cloudy-day,
"Washington,DC,USA",2023-02-07T18:00:00,10,10,2.1,57.68,0,0,,0,0,30.1,20.5,190,1023,63.7,16.3,255.3,0.9,0,10,Partially cloudy,partly-cloudy-night,
"Washington,DC,USA",2023-02-07T19:00:00,9.5,6.6,2.3,60.78,0,0,,0,0,29.5,20.5,190,1023,70,16.3,202,0.7,0,10,Partially cloudy,partly-cloudy-night,
"Washington,DC,USA",2023-02-07T20:00:00,9.2,6.3,2.9,64.57,0,1,,0,0,30.7,21.1,196.7,1023,58,16.3,134.7,0.5,0,10,Partially cloudy,partly-cloudy-night,
"Washington,DC,USA",2023-02-07T21:00:00,9,5.9,3.1,66.23,0,1,,0,0,32.6,22.1,203.3,1023,62,16.3,67.3,0.2,0,10,Partially cloudy,partly-cloudy-night,
"Washington,DC,USA",2023-02-07T22:00:00,8.9,5.6,3.3,67.93,0,1,,0,0,34.6,23,210,1023,66,16.3,0,,0,10,Partially cloudy,partly-cloudy-night,
"Washington,DC,USA",2023-02-07T23:00:00,8.6,5.5,3.4,69.99,0,1,,0,0,31.8,21.1,213.3,1023,70.3,16.3,0,,0,10,Partially cloudy,partly-cloudy-night,
"Washington,DC,USA",2023-02-08T00:00:00,8.4,5.4,3.7,72.12,0,1,,0,0,29,19.2,216.7,1023,74.7,16.3,0,,0,10,Partially cloudy,partly-cloudy-night,
"Washington,DC,USA",2023-02-08T01:00:00,8.2,5.4,3.9,74.3,0,1,,0,0,26.3,17.3,220,1023,79,16.3,0,,0,10,Partially cloudy,partly-cloudy-night,
"Washington,DC,USA",2023-02-08T02:00:00,7.8,5.2,4,76.9,0,2,,0,0,22.3,14.9,226.7,1023,77,16.3,0,,0,10,Partially cloudy,partly-cloudy-night,
"Washington,DC,USA",2023-02-08T03:00:00,7.4,5.1,4.1,79.58,0,2,,0,0,18.4,12.5,233.3,1023,75,16.3,0,,0,10,Partially cloudy,partly-cloudy-night,
"Washington,DC,USA",2023-02-08T04:00:00,7.1,5.1,4.3,82.37,0,2,,0,0,14.4,10.1,240,1023,73,16.3,0,,0,10,Partially cloudy,partly-cloudy-night,
"Washington,DC,USA",2023-02-08T05:00:00,6.8,4.9,4.2,83.7,0,2,,0,0,13.9,9.6,243.3,1023,74.3,16.3,0,,0,10,Partially cloudy,partly-cloudy-night,
"Washington,DC,USA",2023-02-08T06:00:00,6.5,4.7,4.2,85.04,0,2,,0,0,13.4,9.1,246.7,1024,75.7,16.3,0,,0,10,Partially cloudy,partly-cloudy-night,
"Washington,DC,USA",2023-02-08T07:00:00,6.3,4.5,4.2,86.42,0,2,,0,0,13,8.6,250,1024,77,16.3,0,,0,10,Partially cloudy,partly-cloudy-night,
"Washington,DC,USA",2023-02-08T08:00:00,7.8,6.2,4.4,79.45,0,2,,0,0,13.3,8.6,260,1025,74.7,24.1,42.7,0.2,0,10,Partially cloudy,partly-cloudy-day,
"Washington,DC,USA",2023-02-08T09:00:00,9.3,8,4.7,73.13,0,2,,0,0,13.7,8.6,270,1025,72.3,24.1,85.3,0.3,1,10,Partially cloudy,partly-cloudy-day,
"Washington,DC,USA",2023-02-08T10:00:00,10.8,10.8,5,67.38,0,2,,0,0,14,8.6,280,1025,70,24.1,128,0.5,1,10,Partially cloudy,partly-cloudy-day,
"Washington,DC,USA",2023-02-08T11:00:00,12.1,12.1,5.1,61.99,0,2,,0,0,14.9,9.1,283.3,1025,66.7,24.1,181.7,0.7,2,10,Partially cloudy,partly-cloudy-day,
"Washington,DC,USA",2023-02-08T12:00:00,13.5,13.5,5.2,57.08,0,2,,0,0,15.7,9.6,286.7,1025,63.3,24.1,235.3,0.8,2,10,Partially cloudy,partly-cloudy-day,
"Washington,DC,USA",2023-02-08T13:00:00,14.9,14.9,5.3,52.61,0,2,,0,0,16.6,10.1,290,1024,60,24.1,289,1,3,10,Partially cloudy,partly-cloudy-day,
"Washington,DC,USA",2023-02-08T14:00:00,15.2,15.2,5.3,51.62,0,3,,0,0,15.8,10.1,260,1023,56.3,24.1,331.3,1.2,3,10,Partially cloudy,partly-cloudy-day,
"Washington,DC,USA",2023-02-08T15:00:00,15.6,15.6,5.4,50.66,0,3,,0,0,15.1,10.1,230,1023,52.7,24.1,373.7,1.3,4,10,Partially cloudy,partly-cloudy-day,
"Washington,DC,USA",2023-02-08T16:00:00,16,16,5.5,49.71,0,3,,0,0,14.4,10.1,200,1023,49,24.1,416,1.5,4,10,Partially cloudy,partly-cloudy-day,
"Washington,DC,USA",2023-02-08T17:00:00,14.6,14.6,5.5,54.52,0,3,,0,0,14.5,10.3,176.7,1023,53,24.1,353.3,1.3,4,10,Partially cloudy,partly-cloudy-day,
"Washington,DC,USA",2023-02-08T18:00:00,13.2,13.2,5.6,59.86,0,3,,0,0,14.6,10.6,153.3,1023,57,24.1,290.7,1,0,10,Partially cloudy,partly-cloudy-night,
"Washington,DC,USA",2023-02-08T19:00:00,11.9,11.9,5.7,65.77,0,3,,0,0,14.8,10.8,130,1024,61,24.1,228,0.8,0,10,Partially cloudy,partly-cloudy-night,
"Washington,DC,USA",2023-02-08T20:00:00,11.3,11.3,5.9,69.39,0,7,,0,0,17.5,12.4,136.7,1023,64.3,24.1,152,0.5,0,10,Partially cloudy,partly-cloudy-night,
"Washington,DC,USA",2023-02-08T21:00:00,10.7,10.7,6.1,73.22,0,7,,0,0,20.3,13.9,143.3,1023,67.7,24.1,76,0.3,0,10,Partially cloudy,partly-cloudy-night,
"Washington,DC,USA",2023-02-08T22:00:00,10.2,10.2,6.4,77.28,0,7,,0,0,23,15.5,150,1022,71,24.1,0,,0,10,Partially cloudy,partly-cloudy-night,
"Washington,DC,USA",2023-02-08T23:00:00,9.8,7.5,6.4,79.55,0,7,,0,0,23.4,16,150,1022,72.7,24.1,0,,0,10,Partially cloudy,partly-cloudy-night,
"Washington,DC,USA",2023-02-09T00:00:00,9.4,7,6.4,81.91,0,7,,0,0,23.8,16.4,150,1021,74.3,24.1,0,,0,10,Partially cloudy,partly-cloudy-night,
"Washington,DC,USA",2023-02-09T01:00:00,9,6.4,6.5,84.34,0,7,,0,0,24.1,16.9,150,1020,76,24.1,0,,0,10,Partially cloudy,partly-cloudy-night,
"Washington,DC,USA",2023-02-09T02:00:00,9,6.4,6.6,85.12,0,15,,0,0,24.7,16.9,153.3,1020,78.3,24.1,0,,0,10,Partially cloudy,partly-cloudy-night,
"Washington,DC,USA",2023-02-09T03:00:00,9,6.4,6.7,85.9,0,15,,0,0,25.3,16.9,156.7,1019,80.7,24.1,0,,0,10,Partially cloudy,partly-cloudy-night,
"Washington,DC,USA",2023-02-09T04:00:00,9,6.4,6.9,86.69,0,15,,0,0,25.9,16.9,160,1018,83,24.1,0,,0,10,Partially cloudy,partly-cloudy-night,
"Washington,DC,USA",2023-02-09T05:00:00,9.2,6.5,7.1,86.91,0,15,,0,0,27.6,18.1,160,1017,83.3,24.1,0,,0,10,Partially cloudy,partly-cloudy-night,
"Washington,DC,USA",2023-02-09T06:00:00,9.4,6.6,7.3,87.12,0,15,rain,0,0,29.3,19.3,160,1016,83.7,24.1,0,,0,10,Partially cloudy,partly-cloudy-night,
"Washington,DC,USA",2023-02-09T07:00:00,9.6,6.8,7.6,87.34,0.1,15,rain,0,0,31,20.5,160,1016,84,18,0,,0,10,Partially cloudy,partly-cloudy-night,
"Washington,DC,USA",2023-02-09T08:00:00,10.7,10.7,8.2,84.91,0,33,rain,0,0,34,22.7,166.7,1015,84.7,21,11.7,0,0,10,Partially cloudy,partly-cloudy-day,
"Washington,DC,USA",2023-02-09T09:00:00,11.8,11.8,8.9,82.59,0,33,,0,0,37,24.8,173.3,1014,85.3,24.1,23.3,0.1,0,10,Partially cloudy,partly-cloudy-day,
"Washington,DC,USA",2023-02-09T10:00:00,12.9,12.9,9.6,80.36,0,33,,0,0,40,27,180,1013,86,24.1,35,0.1,0,10,Partially cloudy,partly-cloudy-day,
"Washington,DC,USA",2023-02-09T11:00:00,13.5,13.5,10.2,80.09,0,33,,0,0,40.9,27.7,183.3,1013,87,24.1,39,0.1,0,10,Partially cloudy,partly-cloudy-day,
"Washington,DC,USA",2023-02-09T12:00:00,14.2,14.2,10.8,79.83,0,33,,0,0,41.9,28.4,186.7,1012,88,24.1,43,0.2,0,10,Partially cloudy,partly-cloudy-day,
"Washington,DC,USA",2023-02-09T13:00:00,14.9,14.9,11.4,79.57,0,33,,0,0,42.8,29.2,190,1011,89,24.1,47,0.2,0,10,Partially cloudy,partly-cloudy-day,
"Washington,DC,USA",2023-02-09T14:00:00,15.6,15.6,11.4,75.75,0,47,rain,0,0,42.8,28.9,196.7,1010,78.3,24.1,152.7,0.6,2,10,"Rain, Partially cloudy",rain,
"Washington,DC,USA",2023-02-09T15:00:00,16.4,16.4,11.4,72.13,0,47,rain,0,0,42.8,28.7,203.3,1010,67.7,24.1,258.3,0.9,3,10,"Rain, Partially cloudy",rain,
"Washington,DC,USA",2023-02-09T16:00:00,17.2,17.2,11.4,68.7,0.3,47,rain,0,0,42.8,28.4,210,1010,57,24.1,364,1.3,4,10,"Rain, Partially cloudy",rain,
"Washington,DC,USA",2023-02-09T17:00:00,16.8,16.8,11.3,70.02,0,47,rain,0,0,41.6,27.8,213.3,1010,53,24.1,312.7,1.1,3,10,"Rain, Partially cloudy",rain,
"Washington,DC,USA",2023-02-09T18:00:00,16.5,16.5,11.3,71.36,0,47,rain,0,0,40.4,27.2,216.7,1011,49,24.1,261.3,1,0,10,"Rain, Partially cloudy",rain,
"Washington,DC,USA",2023-02-09T19:00:00,16.2,16.2,11.3,72.73,0.1,47,rain,0,0,39.2,26.6,220,1011,45,24.1,210,0.8,0,10,"Rain, Partially cloudy",rain,
"Washington,DC,USA",2023-02-09T20:00:00,15.7,15.7,11.2,74.59,0,41,rain,0,0,39,26.2,223.3,1013,43.7,24.1,140,0.5,0,10,Partially cloudy,partly-cloudy-night,
"Washington,DC,USA",2023-02-09T21:00:00,15.2,15.2,11.1,76.51,0,41,,0,0,38.8,25.7,226.7,1013,42.3,24.1,70,0.3,0,10,Partially cloudy,partly-cloudy-night,
"Washington,DC,USA",2023-02-09T22:00:00,14.7,14.7,11,78.49,0.3,41,rain,0,0,38.5,25.2,230,1014,41,24.1,0,,0,10,Partially cloudy,partly-cloudy-night,
"Washington,DC,USA",2023-02-09T23:00:00,14.2,14.2,10.8,79.66,0,41,,0,0,37.1,24.2,233.3,1014,41,24.1,0,,0,10,Partially cloudy,partly-cloudy-night,
"Washington,DC,USA",2023-02-10T00:00:00,13.8,13.8,10.6,80.84,0,41,,0,0,35.6,23.3,236.7,1014,41,24.1,0,,0,10,Partially cloudy,partly-cloudy-night,
"Washington,DC,USA",2023-02-10T01:00:00,13.4,13.4,10.4,82.05,0,41,,0,0,34.2,22.3,240,1014,41,24.1,0,,0,10,Partially cloudy,partly-cloudy-night,
"Washington,DC,USA",2023-02-10T02:00:00,12.8,12.8,9.9,82.53,0,27,,0,0,32.4,21.5,246.7,1013.7,43.3,24.1,0,,0,10,Partially cloudy,partly-cloudy-night,
"Washington,DC,USA",2023-02-10T03:00:00,12.2,12.2,9.4,83.01,0,27,,0,0,30.6,20.6,253.3,1013.3,45.7,24.1,0,,0,10,Partially cloudy,partly-cloudy-night,
"Washington,DC,USA",2023-02-10T04:00:00,11.6,11.6,8.9,83.5,0,27,,0,0,28.8,19.8,260,1013,48,24.1,0,,0,10,Partially cloudy,partly-cloudy-night,
"Washington,DC,USA",2023-02-10T05:00:00,11,11,8.2,83.05,0,27,,0,0,27.5,18.4,270,1013,48,24.1,0,,0,10,Partially cloudy,partly-cloudy-night,
"Washington,DC,USA",2023-02-10T06:00:00,10.4,10.4,7.6,82.61,0,27,,0,0,26.2,16.9,280,1013,48,24.1,0,,0,10,Partially cloudy,partly-cloudy-night,
"Washington,DC,USA",2023-02-10T07:00:00,9.9,7.7,7,82.16,0,27,,0,0,24.8,15.5,290,1013,48,24.1,0,,0,10,Partially cloudy,partly-cloudy-night,
"Washington,DC,USA",2023-02-10T08:00:00,10.7,10.7,6.6,75.96,0,20,,0,0,24.5,15.6,293.3,1012.3,49.3,24.1,33.3,0.1,0,10,Partially cloudy,partly-cloudy-day,
"Washington,DC,USA",2023-02-10T09:00:00,11.5,11.5,6.3,70.24,0,20,,0,0,24.1,15.7,296.7,1011.7,50.7,24.1,66.7,0.2,1,10,Partially cloudy,partly-cloudy-day,
"Washington,DC,USA",2023-02-10T10:00:00,12.4,12.4,6,64.98,0,20,,0,0,23.8,15.8,300,1011,52,24.1,100,0.4,1,10,Partially cloudy,partly-cloudy-day,
"Washington,DC,USA",2023-02-10T11:00:00,13,13,5.5,60.09,0,20,,0,0,25,16.4,286.7,1010,59.7,24.1,129.3,0.5,1,10,Partially cloudy,partly-cloudy-day,
"Washington,DC,USA",2023-02-10T12:00:00,13.7,13.7,5,55.57,0,20,,0,0,26.2,17,273.3,1009,67.3,24.1,158.7,0.6,2,10,Partially cloudy,partly-cloudy-day,
"Washington,DC,USA",2023-02-10T13:00:00,14.4,14.4,4.5,51.39,0,20,,0,0,27.4,17.6,260,1008,75,24.1,188,0.7,2,10,Partially cloudy,partly-cloudy-day,
"Washington,DC,USA",2023-02-10T14:00:00,14.4,14.4,4.4,51.15,0,27,,0,0,27.4,17.6,280,1007,75,24.1,176.7,0.7,2,10,Partially cloudy,partly-cloudy-day,
"Washington,DC,USA",2023-02-10T15:00:00,14.4,14.4,4.3,50.91,0,27,,0,0,27.4,17.6,300,1006,75,24.1,165.3,0.6,2,10,Partially cloudy,partly-cloudy-day,
"Washington,DC,USA",2023-02-10T16:00:00,14.4,14.4,4.3,50.68,0.3,27,rain,0,0,27.4,17.6,320,1005,75,24.1,154,0.6,2,10,Partially cloudy,partly-cloudy-day,
"Washington,DC,USA",2023-02-10T17:00:00,13.3,13.3,4.2,54.18,0,27,,0,0,27.2,17.6,243.3,1004.7,76.3,24.1,130.3,0.5,1,10,Partially cloudy,partly-cloudy-day,
"Washington,DC,USA",2023-02-10T18:00:00,12.2,12.2,4.2,57.97,0,27,,0,0,27.1,17.6,166.7,1004.3,77.7,24.1,106.7,0.4,0,10,Partially cloudy,partly-cloudy-night,
"Washington,DC,USA",2023-02-10T19:00:00,11.2,11.2,4.2,62.05,0.1,27,rain,0,0,27,17.6,90,1004,79,24.1,83,0.3,0,10,Partially cloudy,partly-cloudy-night,
"Washington,DC,USA",2023-02-10T20:00:00,10.5,10.5,4.1,64.41,0,35,,0,0,26.8,17.4,70,1003.7,78.7,24.1,55.3,0.2,0,10,Partially cloudy,partly-cloudy-night,
"Washington,DC,USA",2023-02-10T21:00:00,9.8,7.5,4,66.87,0,35,,0,0,26.5,17.2,50,1003.3,78.3,24.1,27.7,0.1,0,10,Partially cloudy,partly-cloudy-night,
"Washington,DC,USA",2023-02-10T22:00:00,9.2,6.6,3.9,69.45,0.3,35,rain,0,0,26.3,16.9,30,1003,78,24.1,0,,0,10,Partially cloudy,partly-cloudy-night,
"Washington,DC,USA",2023-02-10T23:00:00,8.7,6.1,3.7,71.16,0,35,,0,0,25.4,16.6,136.7,1003,80,17.5,0,,0,10,Partially cloudy,partly-cloudy-night,
"Washington,DC,USA",2023-02-11T00:00:00,8.2,5.5,3.6,72.92,0,35,,0,0,24.6,16.2,243.3,1003,82,10.8,0,,0,10,Partially cloudy,partly-cloudy-night,
"Washington,DC,USA",2023-02-11T01:00:00,7.7,4.9,3.5,74.74,2.1,35,rain,0,0,23.8,15.8,350,1003,84,4.2,0,,0,10,Partially cloudy,partly-cloudy-night,
"Washington,DC,USA",2023-02-11T02:00:00,7.3,4.4,3.2,75.38,0,42,,0,0.07,24.6,16.2,346.7,1003.7,85,4,0,,0,10,Partially cloudy,partly-cloudy-night,
"Washington,DC,USA",2023-02-11T03:00:00,6.9,3.8,2.9,76.02,0,42,,0,0.13,25.4,16.6,343.3,1004.3,86,3.9,0,,0,10,Partially cloudy,partly-cloudy-night,
"Washington,DC,USA",2023-02-11T04:00:00,6.5,3.3,2.7,76.68,0.3,42,snow,0.2,0.2,26.3,16.9,340,1005,87,3.7,0,,0,10,Partially cloudy,snow,
"Washington,DC,USA",2023-02-11T05:00:00,6.1,2.7,2.3,76.44,0,42,,0,0.23,27.7,17.9,340,1005.7,85,10.5,0,,0,10,Partially cloudy,partly-cloudy-night,
"Washington,DC,USA",2023-02-11T06:00:00,5.7,2.1,1.9,76.19,0,42,,0,0.27,29.2,18.8,340,1006.3,83,17.3,0,,0,10,Partially cloudy,partly-cloudy-night,
"Washington,DC,USA",2023-02-11T07:00:00,5.4,1.5,1.5,75.95,1.4,42,rain,0.1,0.3,30.6,19.8,340,1007,81,24.1,0,,0,10,Partially cloudy,snow,
"Washington,DC,USA",2023-02-11T08:00:00,5.7,1.8,1.4,74.03,0,39,,0,0.23,31.8,21,333.3,1008.3,81,24.1,18,0.1,0,10,Partially cloudy,partly-cloudy-day,
"Washington,DC,USA",2023-02-11T09:00:00,5.9,2,1.3,72.17,0,39,,0,0.17,33,22.2,326.7,1009.7,81,24.1,36,0.1,0,10,Partially cloudy,partly-cloudy-day,
"Washington,DC,USA",2023-02-11T10:00:00,6.3,2.3,1.3,70.35,0.3,39,rain,0,0.1,34.2,23.4,320,1011,81,24.1,54,0.2,1,10,Partially cloudy,partly-cloudy-day,
"Washington,DC,USA",2023-02-11T11:00:00,6.6,2.7,0.8,66.33,0,39,,0,0.07,35.3,23.9,320,1012,81,24.1,94,0.3,1,10,Partially cloudy,partly-cloudy-day,
"Washington,DC,USA",2023-02-11T12:00:00,7,3.1,0.3,62.54,0,39,,0,0.03,36.4,24.4,320,1013,81,24.1,134,0.5,1,10,Partially cloudy,partly-cloudy-day,
"Washington,DC,USA",2023-02-11T13:00:00,7.4,3.6,-0.1,58.96,0,39,,0,0,37.4,24.8,320,1014,81,24.1,174,0.6,2,10,Partially cloudy,partly-cloudy-day,
"Washington,DC,USA",2023-02-11T14:00:00,7.6,3.9,-0.5,56.24,0,31,,0,0,37.7,25.1,320,1015,80,24.1,243,0.9,2,10,Partially cloudy,partly-cloudy-day,
"Washington,DC,USA",2023-02-11T15:00:00,7.9,4.2,-0.9,53.64,0,31,,0,0,37.9,25.3,320,1016,79,24.1,312,1.1,3,10,Partially cloudy,partly-cloudy-day,
"Washington,DC,USA",2023-02-11T16:00:00,8.2,4.5,-1.3,51.16,0.3,31,rain,0,0,38.2,25.6,320,1017,78,24.1,381,1.4,4,10,Partially cloudy,partly-cloudy-day,
"Washington,DC,USA",2023-02-11T17:00:00,7.4,3.6,-1.4,53.38,0,31,,0,0,38.3,25.3,320,1018.7,77.7,24.1,328,1.2,3,10,Partially cloudy,partly-cloudy-day,
"Washington,DC,USA",2023-02-11T18:00:00,6.7,2.7,-1.5,55.72,0,31,,0,0,38.4,25.1,320,1020.3,77.3,24.1,275,1,0,10,Partially cloudy,partly-cloudy-night,
"Washington,DC,USA",2023-02-11T19:00:00,6,1.8,-1.6,58.18,0,31,,0,0,38.5,24.8,320,1022,77,24.1,222,0.8,0,10,Partially cloudy,partly-cloudy-night,
"Washington,DC,USA",2023-02-11T20:00:00,5.2,0.8,-1.9,60.15,0,23,,0,0,37.7,24.6,320,1023,62,24.1,148,0.5,0,10,Partially cloudy,partly-cloudy-night,
"Washington,DC,USA",2023-02-11T21:00:00,4.4,-0.2,-2.2,62.21,0,23,,0,0,36.8,24.4,320,1024,47,24.1,74,0.3,0,10,Partially cloudy,partly-cloudy-night,
"Washington,DC,USA",2023-02-11T22:00:00,3.6,-1.2,-2.5,64.36,0,23,,0,0,36,24.1,320,1025,32,24.1,0,,0,10,Partially cloudy,partly-cloudy-night,
"Washington,DC,USA",2023-02-11T23:00:00,3.1,-1.8,-2.8,65.22,0,23,,0,0,35.3,23.8,320,1025.7,28.3,24.1,0,,0,10,Partially cloudy,partly-cloudy-night,
"Washington,DC,USA",2023-02-12T00:00:00,2.6,-2.3,-3.1,66.09,0,23,,0,0,34.6,23.4,320,1026.3,24.7,24.1,0,,0,10,Partially cloudy,partly-cloudy-night,
"Washington,DC,USA",2023-02-12T01:00:00,2.2,-2.9,-3.3,66.97,0,23,,0,0,33.8,23,320,1027,21,24.1,0,,0,10,Partially cloudy,partly-cloudy-night,
"Washington,DC,USA",2023-02-12T02:00:00,1.6,-3.6,-3.7,67.53,0,16,,0,0,34.2,22.9,320,1027.7,20.7,24.1,0,,0,10,Partially cloudy,partly-cloudy-night,
"Washington,DC,USA",2023-02-12T03:00:00,1.1,-4.2,-4.1,68.09,0,16,,0,0,34.6,22.8,320,1028.3,20.3,24.1,0,,0,10,Partially cloudy,partly-cloudy-night,
"Washington,DC,USA",2023-02-12T04:00:00,0.6,-4.9,-4.5,68.66,0,16,,0,0,34.9,22.7,320,1029,20,24.1,0,,0,10,Clear,clear-night,
"Washington,DC,USA",2023-02-12T05:00:00,0.3,-5.2,-4.6,69.3,0,16,,0,0,34.8,22.9,320,1029.7,19,24.1,0,,0,10,Clear,clear-night,
"Washington,DC,USA",2023-02-12T06:00:00,0.1,-5.6,-4.7,69.95,0,16,,0,0,34.7,23.2,320,1030.3,18,24.1,0,,0,10,Clear,clear-night,
"Washington,DC,USA",2023-02-12T07:00:00,-0.1,-5.9,-4.8,70.61,0,16,,0,0,34.6,23.4,320,1031,17,24.1,0,,0,10,Clear,clear-night,
"Washington,DC,USA",2023-02-12T08:00:00,1.1,-4.4,-4.8,64.91,0,14,,0,0,36,23.9,320,1031.7,17,24.1,76.7,0.3,1,10,Clear,clear-day,
"Washington,DC,USA",2023-02-12T09:00:00,2.3,-2.9,-4.8,59.72,0,14,,0,0,37.4,24.4,320,1032.3,17,24.1,153.3,0.6,2,10,Clear,clear-day,
"Washington,DC,USA",2023-02-12T10:00:00,3.5,-1.4,-4.7,54.99,0,14,,0,0,38.9,24.8,320,1033,17,24.1,230,0.8,2,10,Clear,clear-day,
"Washington,DC,USA",2023-02-12T11:00:00,4.5,-0.1,-4.9,50.38,0,14,,0,0,38.6,25.1,313.3,1032.3,15,24.1,295,1,3,10,Clear,clear-day,
"Washington,DC,USA",2023-02-12T12:00:00,5.6,1.3,-5.1,46.19,0,14,,0,0,38.4,25.3,306.7,1031.7,13,24.1,360,1.3,4,10,Clear,clear-day,
"Washington,DC,USA",2023-02-12T13:00:00,6.7,2.6,-5.2,42.38,0,14,,0,0,38.2,25.6,300,1031,11,24.1,425,1.5,4,10,Clear,clear-day,
"Washington,DC,USA",2023-02-12T14:00:00,7.1,3.3,-5.2,41.25,0,13,,0,0,37.3,24.6,296.7,1030.7,13.3,24.1,451,1.6,5,10,Clear,clear-day,
"Washington,DC,USA",2023-02-12T15:00:00,7.6,4,-5.1,40.16,0,13,,0,0,36.5,23.6,293.3,1030.3,15.7,24.1,477,1.7,5,10,Clear,clear-day,
"Washington,DC,USA",2023-02-12T16:00:00,8.1,4.7,-5,39.1,0,13,,0,0,35.6,22.7,290,1030,18,24.1,503,1.8,5,10,Clear,clear-day,
"Washington,DC,USA",2023-02-12T17:00:00,7.3,3.8,-4.7,42.14,0,13,,0,0,33,21.6,283.3,1030.3,16,24.1,430.3,1.5,4,10,Clear,clear-day,
"Washington,DC,USA",2023-02-12T18:00:00,6.5,2.9,-4.4,45.43,0,13,,0,0,30.4,20.5,276.7,1030.7,14,24.1,357.7,1.3,0,10,Clear,clear-night,
"Washington,DC,USA",2023-02-12T19:00:00,5.8,2.1,-4.1,48.99,0,13,,0,0,27.7,19.4,270,1031,12,24.1,285,1,0,10,Clear,clear-night,
"Washington,DC,USA",2023-02-12T20:00:00,5.1,1.3,-3.9,52.34,0,10,,0,0,26.8,18.7,253.3,1031,12.3,24.1,190,0.7,0,10,Clear,clear-night,
"Washington,DC,USA",2023-02-12T21:00:00,4.4,0.5,-3.7,55.93,0,10,,0,0,25.8,18,236.7,1031,12.7,24.1,95,0.3,0,10,Clear,clear-night,
"Washington,DC,USA",2023-02-12T22:00:00,3.7,-0.2,-3.4,59.78,0,10,,0,0,24.8,17.3,220,1031,13,24.1,0,,0,10,Clear,clear-night,
"Washington,DC,USA",2023-02-12T23:00:00,3.3,-0.6,-3.2,62.12,0,10,,0,0,24.2,16.8,220,1030.7,14,24.1,0,,0,10,Clear,clear-night,
"Washington,DC,USA",2023-02-13T00:00:00,3,-0.9,-3,64.55,0,10,,0,0,23.6,16.3,220,1030.3,15,24.1,0,,0,10,Clear,clear-night,
"Washington,DC,USA",2023-02-13T01:00:00,2.7,-1.3,-2.8,67.08,0,10,,0,0,23,15.8,220,1030,16,24.1,0,,0,10,Clear,clear-night,
"Washington,DC,USA",2023-02-13T02:00:00,2.7,-0.7,-6.5,50.64,0,0,,0,0,48.1,13,183.3,1030,94.3,24.1,0,,0,10,Overcast,cloudy,
"Washington,DC,USA",2023-02-13T03:00:00,2.6,-0.8,-6.1,52.84,0,0,,0,0,49.1,13,185.8,1030,97.2,24.1,0,,0,10,Overcast,cloudy,
"Washington,DC,USA",2023-02-13T04:00:00,2.5,-1,-5.6,55.14,0,0,,0,0,50,13,188.4,1030,100,24.1,0,,0,10,Overcast,cloudy,
"Washington,DC,USA",2023-02-13T05:00:00,2.5,-0.9,-5.3,56.55,0,0,,0,0,50.6,12.6,191.2,1029.7,100,24.1,0,,0,10,Overcast,cloudy,
"Washington,DC,USA",2023-02-13T06:00:00,2.5,-0.9,-5,57.99,0,0,,0,0,51.2,12.2,194,1029.3,100,24.1,0,,0,10,Overcast,cloudy,
"Washington,DC,USA",2023-02-13T07:00:00,2.5,-0.8,-4.6,59.47,0,0,,0,0,51.8,11.9,196.8,1029,100,24.1,0,,0,10,Overcast,cloudy,
"Washington,DC,USA",2023-02-13T08:00:00,3.2,0.1,-4.5,57.03,0,0,,0,0,43.2,11.6,202,1029,100,24.1,45.7,0.2,0,10,Overcast,cloudy,
"Washington,DC,USA",2023-02-13T09:00:00,3.9,1.1,-4.4,54.7,0,0,,0,0,34.6,11.4,207.2,1029,100,24.1,91.3,0.3,1,10,Overcast,cloudy,
"Washington,DC,USA",2023-02-13T10:00:00,4.7,2,-4.2,52.49,1.7,0,rain,0,0,25.9,11.2,212.4,1029,100,24.1,137,0.5,1,10,Overcast,cloudy,
"Washington,DC,USA",2023-02-13T11:00:00,6.4,3.8,-3.4,49.54,0,0,,0,0,26.2,12.6,211,1028,96.1,24.1,182.7,0.7,2,10,Overcast,cloudy,
"Washington,DC,USA",2023-02-13T12:00:00,8.1,5.7,-2.6,46.82,0,0,,0,0,26.4,14,209.7,1027,92.1,24.1,228.3,0.8,2,10,Overcast,cloudy,
"Washington,DC,USA",2023-02-13T13:00:00,9.9,7.7,-1.7,44.29,0,0,,0,0,26.6,15.5,208.3,1026,88.2,24.1,274,1,3,10,Partially cloudy,partly-cloudy-day,
"Washington,DC,USA",2023-02-13T14:00:00,10.8,10.8,-1.2,43.08,0,0,,0,0,27.1,14.9,208,1025.3,60.5,24.1,334,1.2,3,10,Partially cloudy,partly-cloudy-day,
"Washington,DC,USA",2023-02-13T15:00:00,11.8,11.8,-0.7,41.91,0,0,,0,0,27.6,14.3,207.7,1024.7,32.7,24.1,394,1.4,4,10,Partially cloudy,partly-cloudy-day,
"Washington,DC,USA",2023-02-13T16:00:00,12.8,12.8,-0.2,40.79,0,0,,0,0,28.1,13.7,207.4,1024,5,24.1,454,1.6,5,10,Clear,clear-day,
"Washington,DC,USA",2023-02-13T17:00:00,12.2,12.2,0.3,44.21,0,0,,0,0,30.7,12.7,208.7,1024.3,33.4,24.1,323,1.1,3,10,Partially cloudy,partly-cloudy-day,
"Washington,DC,USA",2023-02-13T18:00:00,11.6,11.6,0.9,47.91,0,0,,0,0,33.4,11.8,210,1024.7,61.8,24.1,192,0.7,0,10,Partially cloudy,partly-cloudy-night,
"Washington,DC,USA",2023-02-13T19:00:00,11,11,1.5,51.93,0,0,,0,0,36,10.8,211.3,1025,90.2,24.1,61,0.2,0,10,Overcast,cloudy,
"Washington,DC,USA",2023-02-13T20:00:00,10.6,10.6,1.7,54.36,0,0,,0,0,33.2,10.1,216.9,1025.3,93.5,24.1,40.7,0.1,0,10,Overcast,cloudy,
"Washington,DC,USA",2023-02-13T21:00:00,10.2,10.2,2,56.9,0,0,,0,0,30.5,9.4,222.4,1025.7,96.7,24.1,20.3,0.1,0,10,Overcast,cloudy,
"Washington,DC,USA",2023-02-13T22:00:00,9.8,8.6,2.3,59.56,0,0,,0,0,27.7,8.6,228,1026,100,24.1,0,,0,10,Overcast,cloudy,
"Washington,DC,USA",2023-02-13T23:00:00,9.3,8.2,2.3,61.89,0,0,,0,0,21.4,7.6,231.7,1026,100,24.1,0,,0,10,Overcast,cloudy,
"Washington,DC,USA",2023-02-14T00:00:00,8.8,7.9,2.4,64.32,0,0,,0,0,15,6.5,235.5,1026,100,24.1,0,,0,10,Overcast,cloudy,
"Washington,DC,USA",2023-02-14T01:00:00,8.3,7.7,2.5,66.85,0,0,,0,0,8.6,5.4,239.2,1026,100,24.1,0,,0,10,Overcast,cloudy,
"Washington,DC,USA",2023-02-14T02:00:00,8.4,7.6,2.5,66.26,0,0,,0,0,11.2,6.2,244.7,1026,100,24.1,0,,0,10,Overcast,cloudy,
"Washington,DC,USA",2023-02-14T03:00:00,8.7,7.6,2.6,65.68,0,0,,0,0,13.7,7.1,250.3,1026,100,24.1,0,,0,10,Overcast,cloudy,
"Washington,DC,USA",2023-02-14T04:00:00,8.9,7.7,2.7,65.11,0,0,rain,0,0,16.2,7.9,255.8,1026,100,24.1,0,,0,10,Overcast,cloudy,
"Washington,DC,USA",2023-02-14T05:00:00,8.8,7.9,3.5,69.53,0,0,,0,0,12.4,6.5,269.4,1026.3,100,24.1,0,,0,10,Overcast,cloudy,
"Washington,DC,USA",2023-02-14T06:00:00,8.7,8.2,4.3,74.22,0,0,,0,0,8.5,5,283.1,1026.7,100,24.1,0,,0,10,Overcast,cloudy,
"Washington,DC,USA",2023-02-14T07:00:00,8.6,8.6,5.2,79.2,0.1,0,rain,0,0,4.7,3.6,296.7,1027,100,24.1,0,,0,10,Overcast,cloudy,
"Washington,DC,USA",2023-02-14T08:00:00,9.3,8.8,5.7,78.22,0,9.5,,0,0,8.9,5.6,260.9,1027,100,24.1,28,0.1,0,10,Overcast,cloudy,
"Washington,DC,USA",2023-02-14T09:00:00,10.1,10.1,6.3,77.27,0,9.5,,0,0,13.1,7.7,225.2,1027,100,24.1,56,0.2,1,10,Overcast,cloudy,
"Washington,DC,USA",2023-02-14T10:00:00,10.9,10.9,6.9,76.33,0.3,9.5,rain,0,0,17.3,9.7,189.4,1027,100,24.1,84,0.3,1,10,Overcast,cloudy,
"Washington,DC,USA",2023-02-14T11:00:00,12.2,12.2,6.7,69.41,0,9.5,,0,0,16.9,9.2,189.9,1026.7,84.1,24.1,183,0.7,2,10,Partially cloudy,partly-cloudy-day,
"Washington,DC,USA",2023-02-14T12:00:00,13.4,13.4,6.6,63.17,0,9.5,,0,0,16.6,8.8,190.5,1026.3,68.1,24.1,282,1,3,10,Partially cloudy,partly-cloudy-day,
"Washington,DC,USA",2023-02-14T13:00:00,14.8,14.8,6.5,57.53,0,9.5,,0,0,16.2,8.3,191,1026,52.2,24.1,381,1.4,4,10,Partially cloudy,partly-cloudy-day,
"Washington,DC,USA",2023-02-14T14:00:00,15.6,15.6,6.7,55.66,0,9.5,,0,0,16.6,8.2,184.4,1025.3,68.1,24.1,395.7,1.4,4,10,Partially cloudy,partly-cloudy-day,
"Washington,DC,USA",2023-02-14T15:00:00,16.4,16.4,7,53.87,0,9.5,,0,0,16.9,8,177.7,1024.7,84.1,24.1,410.3,1.5,4,10,Partially cloudy,partly-cloudy-day,
"Washington,DC,USA",2023-02-14T16:00:00,17.2,17.2,7.3,52.14,0,9.5,,0,0,17.3,7.9,171.1,1024,100,24.1,425,1.5,4,10,Overcast,cloudy,
"Washington,DC,USA",2023-02-14T17:00:00,16.1,16.1,7.9,58.27,0,9.5,,0,0,20.5,8.4,173.3,1024,100,24.1,297.3,1.1,3,10,Overcast,cloudy,
"Washington,DC,USA",2023-02-14T18:00:00,15.1,15.1,8.6,65.14,0,9.5,,0,0,23.8,8.9,175.5,1024,100,24.1,169.7,0.6,0,10,Overcast,cloudy,
"Washington,DC,USA",2023-02-14T19:00:00,14.1,14.1,9.3,72.83,0,9.5,,0,0,27,9.4,177.7,1024,100,24.1,42,0.2,0,10,Overcast,cloudy,
"Washington,DC,USA",2023-02-14T20:00:00,13.7,13.7,9.4,75.43,0,4.8,,0,0,29.5,9.6,171.6,1024,100,24.1,28,0.1,0,10,Overcast,cloudy,
"Washington,DC,USA",2023-02-14T21:00:00,13.4,13.4,9.7,78.13,0,4.8,,0,0,32,9.8,165.6,1024,100,24.1,14,0.1,0,10,Overcast,cloudy,
"Washington,DC,USA",2023-02-14T22:00:00,13.1,13.1,9.9,80.92,0,4.8,,0,0,34.6,10.1,159.5,1024,100,24.1,0,,0,10,Overcast,cloudy,
"Washington,DC,USA",2023-02-14T23:00:00,12.9,12.9,10,82.54,0,4.8,,0,0,37.4,10.9,158.8,1023.3,100,22.6,0,,0,10,Overcast,cloudy,
"Washington,DC,USA",2023-02-15T00:00:00,12.7,12.7,10.1,84.19,0,4.8,,0,0,40.3,11.8,158,1022.7,100,21.2,0,,0,10,Overcast,cloudy,
"Washington,DC,USA",2023-02-15T01:00:00,12.5,12.5,10.2,85.87,0.2,4.8,rain,0,0,43.2,12.6,157.3,1022,100,19.7,0,,0,10,Overcast,cloudy,
"Washington,DC,USA",2023-02-15T02:00:00,12.5,12.5,10.5,87.42,0,23.8,,0,0,47,14.3,158.3,1020.7,100,19.2,0,,0,10,Overcast,cloudy,
"Washington,DC,USA",2023-02-15T03:00:00,12.6,12.6,10.8,88.99,0,23.8,,0,0,50.9,16,159.2,1019.3,100,18.7,0,,0,10,Overcast,cloudy,
"Washington,DC,USA",2023-02-15T04:00:00,12.7,12.7,11.2,90.59,1.1,23.8,rain,0,0,54.7,17.6,160.2,1018,100,18.2,0,,0,10,Overcast,cloudy,
"Washington,DC,USA",2023-02-15T05:00:00,12.8,12.8,11.5,91.8,0,23.8,,0,0,55.1,18.2,164.5,1017.3,100,18.5,0,,0,10,Overcast,cloudy,
"Washington,DC,USA",2023-02-15T06:00:00,12.9,12.9,11.8,93.03,0,23.8,,0,0,55.4,18.8,168.9,1016.7,100,18.9,0,,0,10,Overcast,cloudy,
"Washington,DC,USA",2023-02-15T07:00:00,13.1,13.1,12.2,94.27,3.8,23.8,rain,0,0,55.8,19.4,173.2,1016,100,19.2,0,,0,10,Overcast,cloudy,
"Washington,DC,USA",2023-02-15T08:00:00,13.9,13.9,12.7,92.27,0,19,,0,0,51.6,19,183.3,1016,95.5,20.8,17,0.1,0,10,Overcast,cloudy,
"Washington,DC,USA",2023-02-15T09:00:00,14.7,14.7,13.2,90.34,0,19,,0,0,47.4,18.5,193.4,1016,91.1,22.5,34,0.1,0,10,Overcast,cloudy,
"Washington,DC,USA",2023-02-15T10:00:00,15.6,15.6,13.7,88.46,2,19,rain,0,0,43.2,18,203.5,1016,86.6,24.1,51,0.2,1,10,Partially cloudy,partly-cloudy-day,
"Washington,DC,USA",2023-02-15T11:00:00,16,16,13.9,87.36,0,19,,0,0,40.1,17.2,204.7,1015,90.8,24.1,115.7,0.4,1,10,Overcast,cloudy,
"Washington,DC,USA",2023-02-15T12:00:00,16.4,16.4,14.1,86.27,0,19,,0,0,37,16.3,205.9,1014,95,24.1,180.3,0.7,2,10,Overcast,cloudy,
"Washington,DC,USA",2023-02-15T13:00:00,16.9,16.9,14.4,85.21,0,19,,0,0,33.8,15.5,207.1,1013,99.2,24.1,245,0.9,2,10,Overcast,cloudy,
"Washington,DC,USA",2023-02-15T14:00:00,17.9,17.9,14,77.78,0,42.9,,0,0,35.3,15.7,211.9,1012.7,66.1,24.1,273,1,3,10,Partially cloudy,partly-cloudy-day,
"Washington,DC,USA",2023-02-15T15:00:00,18.9,18.9,13.6,71.03,0,42.9,,0,0,36.7,16,216.6,1012.3,33.1,24.1,301,1.1,3,10,Partially cloudy,partly-cloudy-day,
"Washington,DC,USA",2023-02-15T16:00:00,20,20,13.2,64.9,0,42.9,,0,0,38.2,16.2,221.4,1012,0,24.1,329,1.2,3,10,Clear,clear-day,
"Washington,DC,USA",2023-02-15T17:00:00,19.1,19.1,12.9,67.45,0,42.9,,0,0,41.6,15.4,220.1,1012,0,24.1,241.3,0.9,2,10,Clear,clear-day,
"Washington,DC,USA",2023-02-15T18:00:00,18.2,18.2,12.7,70.13,0,42.9,,0,0,45.1,14.5,218.9,1012,0,24.1,153.7,0.5,0,10,Clear,clear-night,
"Washington,DC,USA",2023-02-15T19:00:00,17.4,17.4,12.5,72.94,0.1,42.9,rain,0,0,48.6,13.7,217.6,1012,0,24.1,66,0.2,0,10,Clear,clear-night,
"Washington,DC,USA",2023-02-15T20:00:00,16.8,16.8,12.6,76.1,0,14.3,,0,0,47.3,13.4,228.1,1012.3,0,24.1,44,0.2,0,10,Clear,clear-night,
"Washington,DC,USA",2023-02-15T21:00:00,16.2,16.2,12.7,79.42,0,14.3,,0,0,46,13.2,238.6,1012.7,0,24.1,22,0.1,0,10,Clear,clear-night,
"Washington,DC,USA",2023-02-15T22:00:00,15.7,15.7,12.8,82.88,0,14.3,,0,0,44.6,13,249.1,1013,0,24.1,0,,0,10,Clear,clear-night,
"Washington,DC,USA",2023-02-15T23:00:00,14.8,14.8,11.9,82.96,0,14.3,,0,0,37.4,10.9,259.3,1013.3,0,24.1,0,,0,10,Clear,clear-night,
"Washington,DC,USA",2023-02-16T00:00:00,13.9,13.9,11,83.03,0,14.3,,0,0,30.2,8.9,269.5,1013.7,0,24.1,0,,0,10,Clear,clear-night,
"Washington,DC,USA",2023-02-16T01:00:00,13,13,10.2,83.11,0,14.3,,0,0,23,6.8,279.7,1014,0,24.1,0,,0,10,Clear,clear-night,
"Washington,DC,USA",2023-02-16T02:00:00,12.6,12.6,8.9,78.01,0,14.3,,0,0,21.7,7.1,288.9,1014.7,1.7,24.1,0,,0,10,Clear,clear-night,
"Washington,DC,USA",2023-02-16T03:00:00,12.3,12.3,7.6,73.17,0,14.3,,0,0,20.4,7.3,298.2,1015.3,3.3,24.1,0,,0,10,Clear,clear-night,
"Washington,DC,USA",2023-02-16T04:00:00,12,12,6.4,68.58,0,14.3,,0,0,19.1,7.6,307.4,1016,5,24.1,0,,0,10,Clear,clear-night,
"Washington,DC,USA",2023-02-16T05:00:00,11.6,11.6,6.4,70.1,0,14.3,,0,0,14.3,6.6,303.8,1016.3,10,24.1,0,,0,10,Clear,clear-night,
"Washington,DC,USA",2023-02-16T06:00:00,11.3,11.3,6.4,71.66,0,14.3,,0,0,9.5,5.6,300.3,1016.7,14.9,24.1,0,,0,10,Clear,clear-night,
"Washington,DC,USA",2023-02-16T07:00:00,11,11,6.4,73.27,0,14.3,,0,0,4.7,4.7,296.7,1017,19.9,24.1,0,,0,10,Clear,clear-day,
"Washington,DC,USA",2023-02-16T08:00:00,12.3,12.3,6.5,67.71,0,14.3,,0,0,4.3,4,269.8,1017.7,42.1,24.1,69.7,0.3,1,10,Partially cloudy,partly-cloudy-day,
"Washington,DC,USA",2023-02-16T09:00:00,13.7,13.7,6.7,62.64,0,14.3,,0,0,4,3.2,242.8,1018.3,64.4,24.1,139.3,0.5,1,10,Partially cloudy,partly-cloudy-day,
"Washington,DC,USA",2023-02-16T10:00:00,15.1,15.1,6.9,58.01,0,14.3,,0,0,3.6,2.5,215.9,1019,86.6,24.1,209,0.8,2,10,Partially cloudy,partly-cloudy-day,
"Washington,DC,USA",2023-02-16T11:00:00,16.4,16.4,6.7,52.31,0,14.3,,0,0,7,4.3,195.6,1018.3,88.7,24.1,337.7,1.2,3,10,Partially cloudy,partly-cloudy-day,
"Washington,DC,USA",2023-02-16T12:00:00,17.9,17.9,6.4,47.23,0,14.3,,0,0,10.3,6.1,175.2,1017.7,90.8,24.1,466.3,1.7,5,10,Overcast,cloudy,
"Washington,DC,USA",2023-02-16T13:00:00,19.3,19.3,6.3,42.67,0,14.3,,0,0,13.7,7.9,154.9,1017,92.9,24.1,595,2.1,6,10,Overcast,cloudy,
"Washington,DC,USA",2023-02-16T14:00:00,19.5,19.5,6.6,42.84,0,19,,0,0,17.6,10.4,155.2,1016.3,95.3,24.1,545.3,1.9,5,10,Overcast,cloudy,
"Washington,DC,USA",2023-02-16T15:00:00,19.8,19.8,6.9,43.02,0,19,,0,0,21.6,13,155.4,1015.7,97.6,24.1,495.7,1.8,5,10,Overcast,cloudy,
"Washington,DC,USA",2023-02-16T16:00:00,20.1,20.1,7.2,43.19,0,19,,0,0,25.6,15.5,155.7,1015,100,24.1,446,1.6,4,10,Overcast,cloudy,
"Washington,DC,USA",2023-02-16T17:00:00,18.4,18.4,7.7,49.91,0,19,,0,0,32.9,15.8,150.6,1014.7,100,24.1,312.3,1.1,3,10,Overcast,cloudy,
"Washington,DC,USA",2023-02-16T18:00:00,16.7,16.7,8.3,57.75,0,19,,0,0,40.2,16.2,145.4,1014.3,100,24.1,178.7,0.7,0,10,Overcast,cloudy,
"Washington,DC,USA",2023-02-16T19:00:00,15,15,8.9,66.89,0,19,,0,0,47.5,16.6,140.3,1014,100,24.1,45,0.2,0,10,Overcast,cloudy,
"Washington,DC,USA",2023-02-16T20:00:00,14.7,14.7,9.6,71.34,0,19,,0,0,51.8,16.7,145.5,1013,100,24.1,30,0.1,0,10,Overcast,cloudy,
"Washington,DC,USA",2023-02-16T21:00:00,14.5,14.5,10.3,76.07,0,19,,0,0,56.2,16.8,150.7,1012,100,24.1,15,0.1,0,10,Overcast,cloudy,
"Washington,DC,USA",2023-02-16T22:00:00,14.3,14.3,11.1,81.08,0,19,,0,0,60.5,16.9,155.9,1011,100,24.1,0,,0,10,Overcast,cloudy,
"Washington,DC,USA",2023-02-16T23:00:00,14.9,14.9,12.4,85.18,0,19,,0,0,61.8,17.4,165.6,1009.7,100,24.1,0,,0,10,Overcast,cloudy,
"Washington,DC,USA",2023-02-17T00:00:00,15.5,15.5,13.8,89.42,0,19,,0,0,63.1,17.9,175.3,1008.3,100,24.1,0,,0,10,Overcast,cloudy,
"Washington,DC,USA",2023-02-17T01:00:00,16.2,16.2,15.2,93.8,0,19,,0,0,64.4,18.4,185,1007,100,24.1,0,,0,10,Overcast,cloudy,
"Washington,DC,USA",2023-02-17T02:00:00,17.4,17.4,15.3,87.86,0,33.3,,0,0,69.8,22.8,191.8,1005.7,100,24.1,0,,0,10,Overcast,cloudy,
"Washington,DC,USA",2023-02-17T03:00:00,18.6,18.6,15.5,82.35,0,33.3,,0,0,75.2,27.2,198.7,1004.3,100,24.1,0,,0,10,Overcast,cloudy,
"Washington,DC,USA",2023-02-17T04:00:00,19.8,19.8,15.7,77.23,0.3,33.3,rain,0,0,80.6,31.7,205.5,1003,100,24.1,0,,0,3,Overcast,cloudy,
"Washington,DC,USA",2023-02-17T05:00:00,19.1,19.1,16.1,82.42,0,33.3,,0,0,69,26.8,208.3,1003.3,100,23.5,0,,0,10,Overcast,cloudy,
"Washington,DC,USA",2023-02-17T06:00:00,18.5,18.5,16.5,87.95,0,33.3,,0,0,57.4,21.8,211.2,1003.7,100,22.9,0,,0,10,Overcast,cloudy,
"Washington,DC,USA",2023-02-17T07:00:00,17.9,17.9,16.9,93.88,6,33.3,rain,0,0,45.7,16.9,214,1004,100,22.3,0,,0,10,Overcast,cloudy,
"Washington,DC,USA",2023-02-17T08:00:00,17.8,17.8,14.2,79.8,0,23.8,,0,0,45.6,17.8,239.3,1005,100,22.9,55.3,0.2,1,10,Overcast,cloudy,
"Washington,DC,USA",2023-02-17T09:00:00,17.7,17.7,11.6,67.6,0,23.8,,0,0,45.5,18.6,264.7,1006,100,23.5,110.7,0.4,1,10,Overcast,cloudy,
"Washington,DC,USA",2023-02-17T10:00:00,17.6,17.6,9,57.06,1.1,23.8,rain,0,0,45.4,19.4,290,1007,100,24.1,166,0.6,2,10,Overcast,cloudy,
"Washington,DC,USA",2023-02-17T11:00:00,17.8,17.8,6.6,47.75,0,23.8,,0,0,46.4,21.5,285.8,1007.3,88.1,24.1,301.7,1.1,3,10,Partially cloudy,partly-cloudy-day,
"Washington,DC,USA",2023-02-17T12:00:00,18,18,4.2,39.83,0,23.8,,0,0,47.5,23.5,281.7,1007.7,76.2,24.1,437.3,1.6,4,10,Partially cloudy,partly-cloudy-day,
"Washington,DC,USA",2023-02-17T13:00:00,18.3,18.3,1.8,33.12,0,23.8,,0,0,48.6,25.6,277.5,1008,64.3,24.1,573,2.1,6,10,Partially cloudy,partly-cloudy-day,
"Washington,DC,USA",2023-02-17T14:00:00,17.3,17.3,1,33.25,0,28.6,,0,0,47.8,24.6,277,1008.7,76.2,24.1,522.7,1.9,5,10,Partially cloudy,partly-cloudy-day,
"Washington,DC,USA",2023-02-17T15:00:00,16.4,16.4,0.2,33.37,0,28.6,,0,0,46.9,23.6,276.5,1009.3,88.1,24.1,472.3,1.7,5,10,Partially cloudy,partly-cloudy-day,
"Washington,DC,USA",2023-02-17T16:00:00,15.5,15.5,-0.5,33.51,0,28.6,,0,0,46.1,22.7,276,1010,100,24.1,422,1.5,4,10,Overcast,cloudy,
"Washington,DC,USA",2023-02-17T17:00:00,14.2,14.2,-0.6,36.17,0,28.6,,0,0,47.5,21.8,279.6,1011.3,100,24.1,297.3,1.1,3,10,Overcast,cloudy,
"Washington,DC,USA",2023-02-17T18:00:00,12.9,12.9,-0.7,39.08,0,28.6,,0,0,49,21,283.3,1012.7,100,24.1,172.7,0.6,0,10,Overcast,cloudy,
"Washington,DC,USA",2023-02-17T19:00:00,11.6,11.6,-0.8,42.25,0,28.6,,0,0,50.4,20.2,286.9,1014,100,24.1,48,0.2,0,10,Overcast,cloudy,
"Washington,DC,USA",2023-02-17T20:00:00,10.7,10.7,-1,44.21,0,9.5,,0,0,51.8,20.2,290,1015,100,24.1,32,0.1,0,10,Overcast,cloudy,
"Washington,DC,USA",2023-02-17T21:00:00,9.8,7.1,-1.2,46.28,0,9.5,,0,0,53.3,20.2,293.1,1016,100,24.1,16,0.1,0,10,Overcast,cloudy,
"Washington,DC,USA",2023-02-17T22:00:00,9,6,-1.3,48.46,0,9.5,,0,0,54.7,20.2,296.2,1017,100,24.1,0,,0,10,Overcast,cloudy,
"Washington,DC,USA",2023-02-17T23:00:00,8.3,5.2,-1.9,48.86,0,9.5,,0,0,52.9,19.9,295.6,1017.7,100,24.1,0,,0,10,Overcast,cloudy,
"Washington,DC,USA",2023-02-18T00:00:00,7.6,4.3,-2.4,49.26,0,9.5,,0,0,51.1,19.7,295.1,1018.3,100,24.1,0,,0,10,Overcast,cloudy,
"Washington,DC,USA",2023-02-18T01:00:00,6.9,3.5,-2.9,49.67,0,9.5,,0,0,49.3,19.4,294.5,1019,100,24.1,0,,0,10,Overcast,cloudy,
"Washington,DC,USA",2023-02-18T02:00:00,6.1,2.6,-3.7,49.34,0,14.3,,0,0,49.2,19.3,295.8,1020,100,24.1,0,,0,10,Overcast,cloudy,
"Washington,DC,USA",2023-02-18T03:00:00,5.4,1.7,-4.5,49.01,0,14.3,,0,0,49.1,19.2,297.2,1021,100,24.1,0,,0,10,Overcast,cloudy,
"Washington,DC,USA",2023-02-18T04:00:00,4.7,0.8,-5.2,48.67,0,14.3,,0,0,49,19.1,298.5,1022,100,24.1,0,,0,10,Overcast,cloudy,
"Washington,DC,USA",2023-02-18T05:00:00,4,-0.1,-6.1,48.1,0,14.3,,0,0,48.5,18.7,300.6,1023.3,100,24.1,0,,0,10,Overcast,cloudy,
"Washington,DC,USA",2023-02-18T06:00:00,3.3,-0.9,-6.8,47.53,0,14.3,,0,0,48,18.4,302.6,1024.7,100,24.1,0,,0,10,Overcast,cloudy,
"Washington,DC,USA",2023-02-18T07:00:00,2.6,-1.7,-7.6,46.96,0,14.3,,0,0,47.5,18,304.7,1026,100,24.1,0,,0,10,Overcast,cloudy,
"Washington,DC,USA",2023-02-18T08:00:00,2.6,-1.8,-8.6,43.48,0,14.3,,0,0,43.6,19.1,309,1027,100,24.1,61.7,0.2,1,10,Overcast,cloudy,
"Washington,DC,USA",2023-02-18T09:00:00,2.7,-1.9,-9.5,40.22,0,14.3,,0,0,39.6,20.2,313.2,1028,100,24.1,123.3,0.4,1,10,Overcast,cloudy,
"Washington,DC,USA",2023-02-18T10:00:00,2.8,-1.9,-10.4,37.19,0,14.3,,0,0,35.6,21.2,317.5,1029,100,24.1,185,0.7,2,10,Overcast,cloudy,
"Washington,DC,USA",2023-02-18T11:00:00,3.5,-0.8,-10.6,34.86,0,14.3,,0,0,33.1,20,316.5,1029,100,24.1,302,1.1,3,10,Overcast,cloudy,
"Washington,DC,USA",2023-02-18T12:00:00,4.3,0.3,-10.7,32.69,0,14.3,,0,0,30.6,18.8,315.5,1029,100,24.1,419,1.5,4,10,Overcast,cloudy,
"Washington,DC,USA",2023-02-18T13:00:00,5.1,1.4,-10.8,30.66,0,14.3,,0,0,28.1,17.6,314.5,1029,100,24.1,536,1.9,5,10,Overcast,cloudy,
"Washington,DC,USA",2023-02-18T14:00:00,5.5,2.2,-10.8,29.76,0,4.8,,0,0,25.4,16.2,318.8,1028.7,92.5,24.1,515.3,1.8,5,10,Overcast,cloudy,
"Washington,DC,USA",2023-02-18T15:00:00,6,3,-10.8,28.89,0,4.8,,0,0,22.8,14.8,323.1,1028.3,85,24.1,494.7,1.8,5,10,Partially cloudy,partly-cloudy-day,
"Washington,DC,USA",2023-02-18T16:00:00,6.5,3.8,-10.7,28.05,0,4.8,,0,0,20.2,13.3,327.4,1028,77.5,24.1,474,1.7,5,10,Partially cloudy,partly-cloudy-day,
"Washington,DC,USA",2023-02-18T17:00:00,6,3.4,-10.8,28.67,0,4.8,,0,0,19,12.6,337.7,1028.7,85,24.1,337.7,1.2,3,10,Partially cloudy,partly-cloudy-day,
"Washington,DC,USA",2023-02-18T18:00:00,5.6,3,-10.9,29.31,0,4.8,,0,0,17.8,11.9,347.9,1029.3,92.5,24.1,201.3,0.7,0,10,Overcast,cloudy,
"Washington,DC,USA",2023-02-18T19:00:00,5.2,2.6,-11,29.96,0,4.8,,0,0,16.6,11.2,358.2,1030,100,24.1,65,0.2,0,10,Overcast,cloudy,
"Washington,DC,USA",2023-02-18T20:00:00,5,2.6,-11.3,29.66,0,4.8,,0,0,15.1,10.2,242.3,1030.3,100,24.1,43.3,0.2,0,10,Overcast,cloudy,
"Washington,DC,USA",2023-02-18T21:00:00,4.8,2.5,-11.6,29.37,0,4.8,,0,0,13.7,9.2,126.4,1030.7,100,24.1,21.7,0.1,0,10,Overcast,cloudy,
"Washington,DC,USA",2023-02-18T22:00:00,4.6,2.5,-11.9,29.07,0,4.8,,0,0,12.2,8.3,10.5,1031,100,24.1,0,,0,10,Overcast,cloudy,
"Washington,DC,USA",2023-02-18T23:00:00,4.4,2.7,-11.3,30.8,0,4.8,,0,0,10.3,7.4,44.3,1031,100,24.1,0,,0,10,Overcast,cloudy,
"Washington,DC,USA",2023-02-19T00:00:00,4.4,2.8,-10.7,32.62,0,4.8,,0,0,8.4,6.6,78.1,1031,100,24.1,0,,0,10,Overcast,cloudy,
"Washington,DC,USA",2023-02-19T01:00:00,4.3,3,-10,34.54,0,4.8,,0,0,6.5,5.8,111.9,1031,100,24.1,0,,0,10,Overcast,cloudy,
"Washington,DC,USA",2023-02-19T02:00:00,3.9,2.4,-9.5,36.69,0,9.5,,0,0,7.8,6.4,115.6,1031,100,24.1,0,,0,10,Overcast,cloudy,
"Washington,DC,USA",2023-02-19T03:00:00,3.7,1.9,-9,38.97,0,9.5,,0,0,9.1,7,119.4,1031,100,24.1,0,,0,10,Overcast,cloudy,
"Washington,DC,USA",2023-02-19T04:00:00,3.4,1.3,-8.5,41.38,0,9.5,,0,0,10.4,7.6,123.1,1031,100,24.1,0,,0,10,Overcast,cloudy,
"Washington,DC,USA",2023-02-19T05:00:00,3.2,1.1,-8.2,43.08,0,9.5,,0,0,10.6,7.4,120.7,1031,100,24.1,0,,0,10,Overcast,cloudy,
"Washington,DC,USA",2023-02-19T06:00:00,2.9,0.9,-7.9,44.83,0,9.5,,0,0,10.7,7.3,118.3,1031,100,24.1,0,,0,10,Overcast,cloudy,
"Washington,DC,USA",2023-02-19T07:00:00,2.8,0.7,-7.5,46.66,0,9.5,,0,0,10.8,7.2,115.9,1031,100,24.1,0,,0,10,Overcast,cloudy,
"Washington,DC,USA",2023-02-19T08:00:00,3.4,1.2,-7.4,45.08,0,14.3,,0,0,11.9,8,121.9,1031.3,100,24.1,67,0.2,1,10,Overcast,cloudy,
"Washington,DC,USA",2023-02-19T09:00:00,4,1.8,-7.3,43.56,0,14.3,,0,0,13,8.9,127.8,1031.7,100,24.1,134,0.5,1,10,Overcast,cloudy,
"Washington,DC,USA",2023-02-19T10:00:00,4.7,2.3,-7.1,42.1,0,14.3,,0,0,14,9.7,133.8,1032,100,24.1,201,0.7,2,10,Overcast,cloudy,
"Washington,DC,USA",2023-02-19T11:00:00,5.6,3.2,-7.1,39.66,0,14.3,,0,0,14.8,10.8,134,1031,100,24.1,319.3,1.1,3,10,Overcast,cloudy,
"Washington,DC,USA",2023-02-19T12:00:00,6.5,4.1,-7,37.37,0,14.3,,0,0,15.5,11.9,134.2,1030,100,24.1,437.7,1.6,4,10,Overcast,cloudy,
"Washington,DC,USA",2023-02-19T13:00:00,7.5,5.1,-6.9,35.24,0,14.3,,0,0,16.2,13,134.4,1029,100,24.1,556,2,6,10,Overcast,cloudy,
"Washington,DC,USA",2023-02-19T14:00:00,7.5,5.1,-5.9,37.87,0,19,,0,0,16.3,13.1,134.1,1028.3,100,24.1,522,1.9,5,10,Overcast,cloudy,
"Washington,DC,USA",2023-02-19T15:00:00,7.6,5.2,-4.9,40.67,0,19,,0,0,16.4,13.2,133.7,1027.7,100,24.1,488,1.7,5,10,Overcast,cloudy,
"Washington,DC,USA",2023-02-19T16:00:00,7.7,5.3,-3.9,43.65,0,19,,0,0,16.6,13.3,133.4,1027,100,24.1,454,1.6,5,10,Overcast,cloudy,
"Washington,DC,USA",2023-02-19T17:00:00,7.2,4.9,-3.2,47.72,0,19,,0,0,16.9,12,134.5,1027.3,100,24.1,322,1.1,3,10,Overcast,cloudy,
"Washington,DC,USA",2023-02-19T18:00:00,6.7,4.6,-2.4,52.15,0,19,,0,0,17.3,10.7,135.5,1027.7,100,24.1,190,0.7,0,10,Overcast,cloudy,
"Washington,DC,USA",2023-02-19T19:00:00,6.3,4.3,-1.6,56.99,0,19,,0,0,17.6,9.4,136.6,1028,100,24.1,58,0.2,0,10,Overcast,cloudy,
"Washington,DC,USA",2023-02-19T20:00:00,5.9,3.9,-1.4,59.18,0,19,,0,0,17.5,9.4,130.5,1027.7,100,24.1,38.7,0.1,0,10,Overcast,cloudy,
"Washington,DC,USA",2023-02-19T21:00:00,5.6,3.5,-1.2,61.45,0,19,,0,0,17.4,9.4,124.3,1027.3,100,24.1,19.3,0.1,0,10,Overcast,cloudy,
"Washington,DC,USA",2023-02-19T22:00:00,5.3,3.1,-1,63.82,0,19,,0,0,17.3,9.4,118.2,1027,100,24.1,0,,0,10,Overcast,cloudy,
"Washington,DC,USA",2023-02-19T23:00:00,5.2,3.2,-0.8,65.07,0,19,,0,0,15.7,8.6,107.2,1026.3,100,24.1,0,,0,10,Overcast,cloudy,
